ts_code,trade_date,pre_close,pre_settle,open,high,low,close,settle,change1,change2,vol,amount,oi,oi_chg
CU1811.SHF,20171116,,54860.0,54460.0,54750.0,54460.0,54680.0,54630.0,-180.0,-230.0,6.0,163.89,6.0,6.0
CU1811.SHF,20171117,54680.0,54630.0,54830.0,54830.0,54620.0,54800.0,54760.0,170.0,130.0,14.0,383.32,10.0,4.0
CU1811.SHF,20171120,54800.0,54760.0,54720.0,54720.0,54700.0,54700.0,54710.0,-60.0,-50.0,4.0,109.42,12.0,2.0
CU1811.SHF,20171121,54700.0,54710.0,54810.0,55200.0,54810.0,55130.0,55040.0,420.0,330.0,56.0,1541.23,56.0,44.0
CU1811.SHF,20171122,55130.0,55040.0,55450.0,55970.0,55450.0,55950.0,55670.0,910.0,630.0,22.0,612.39,72.0,16.0
CU1811.SHF,20171123,55950.0,55670.0,56170.0,56170.0,55650.0,55650.0,55850.0,-20.0,180.0,44.0,1228.78,102.0,30.0
CU1811.SHF,20171124,55650.0,55850.0,55580.0,56110.0,55580.0,56030.0,55850.0,180.0,0.0,122.0,3406.95,176.0,74.0
CU1811.SHF,20171127,56030.0,55850.0,56230.0,56310.0,55480.0,55480.0,55840.0,-370.0,-10.0,192.0,5360.94,166.0,-10.0
CU1811.SHF,20171128,55480.0,55840.0,55630.0,55640.0,55000.0,55050.0,55340.0,-790.0,-500.0,88.0,2435.36,178.0,12.0
CU1811.SHF,20171129,55050.0,55340.0,54680.0,55000.0,54600.0,54830.0,54920.0,-510.0,-420.0,62.0,1702.71,228.0,50.0
CU1811.SHF,20171130,54830.0,54920.0,54610.0,54650.0,54090.0,54340.0,54380.0,-580.0,-540.0,206.0,5601.15,346.0,118.0
CU1811.SHF,20171201,54340.0,54380.0,54490.0,54490.0,54300.0,54460.0,54350.0,80.0,-30.0,74.0,2011.3,370.0,24.0
CU1811.SHF,20171204,54460.0,54350.0,54460.0,55180.0,54380.0,55060.0,54930.0,710.0,580.0,142.0,3900.26,456.0,86.0
CU1811.SHF,20171205,55060.0,54930.0,54970.0,55010.0,53900.0,53910.0,54690.0,-1020.0,-240.0,218.0,5962.09,586.0,130.0
CU1811.SHF,20171206,53910.0,54690.0,53680.0,53680.0,52680.0,52800.0,52930.0,-1890.0,-1760.0,214.0,5664.02,668.0,82.0
CU1811.SHF,20171207,52800.0,52930.0,52900.0,53050.0,52630.0,52630.0,52800.0,-300.0,-130.0,98.0,2587.36,714.0,46.0
CU1811.SHF,20171208,52630.0,52800.0,52880.0,53240.0,52680.0,53240.0,53070.0,440.0,270.0,106.0,2812.85,704.0,-10.0
CU1811.SHF,20171211,53240.0,53070.0,52800.0,53230.0,52680.0,52680.0,53000.0,-390.0,-70.0,142.0,3763.42,794.0,90.0
CU1811.SHF,20171212,52680.0,53000.0,52970.0,53560.0,52800.0,53460.0,53380.0,460.0,380.0,90.0,2402.22,848.0,54.0
CU1811.SHF,20171213,53460.0,53380.0,53580.0,53680.0,53530.0,53630.0,53610.0,250.0,230.0,308.0,8256.05,986.0,138.0
CU1811.SHF,20171214,53630.0,53610.0,53880.0,54130.0,53700.0,53700.0,53910.0,90.0,300.0,136.0,3666.01,1026.0,40.0
CU1811.SHF,20171215,53700.0,53910.0,54020.0,54400.0,54020.0,54320.0,54220.0,410.0,310.0,74.0,2006.23,1062.0,36.0
CU1811.SHF,20171218,54320.0,54220.0,54390.0,55200.0,54390.0,54910.0,54950.0,690.0,730.0,150.0,4121.41,1112.0,50.0
CU1811.SHF,20171219,54910.0,54950.0,54990.0,55040.0,54730.0,54800.0,54920.0,-150.0,-30.0,98.0,2691.27,1100.0,-12.0
CU1811.SHF,20171220,54800.0,54920.0,54980.0,55190.0,54930.0,55150.0,55050.0,230.0,130.0,86.0,2367.32,1124.0,24.0
CU1811.SHF,20171221,55150.0,55050.0,55400.0,55950.0,55390.0,55700.0,55650.0,650.0,600.0,78.0,2170.4,1122.0,-2.0
CU1811.SHF,20171222,55700.0,55650.0,55600.0,55940.0,55520.0,55940.0,55670.0,290.0,20.0,50.0,1391.96,1120.0,-2.0
CU1811.SHF,20171225,55940.0,55670.0,55920.0,56560.0,55920.0,56090.0,56270.0,420.0,600.0,132.0,3714.14,1154.0,34.0
CU1811.SHF,20171226,56090.0,56270.0,56060.0,56680.0,56050.0,56680.0,56200.0,410.0,-70.0,104.0,2922.65,1190.0,36.0
CU1811.SHF,20171227,56680.0,56200.0,56590.0,56650.0,56310.0,56340.0,56470.0,140.0,270.0,122.0,3444.9,1230.0,40.0
CU1811.SHF,20171228,56340.0,56470.0,56620.0,57230.0,56620.0,57230.0,57000.0,760.0,530.0,196.0,5586.2,1272.0,42.0
CU1811.SHF,20171229,57230.0,57000.0,57200.0,57230.0,56720.0,56820.0,57000.0,-180.0,0.0,176.0,5016.57,1342.0,70.0
CU1811.SHF,20180102,56820.0,57000.0,56870.0,56870.0,56390.0,56610.0,56490.0,-390.0,-510.0,64.0,1807.72,1344.0,2.0
CU1811.SHF,20180103,56610.0,56490.0,56540.0,56580.0,56110.0,56200.0,56210.0,-290.0,-280.0,166.0,4666.23,1344.0,0.0
CU1811.SHF,20180104,56200.0,56210.0,56110.0,56660.0,56070.0,56650.0,56590.0,440.0,380.0,44.0,1245.12,1344.0,0.0
CU1811.SHF,20180105,56650.0,56590.0,56600.0,56600.0,56090.0,56200.0,56300.0,-390.0,-290.0,46.0,1295.05,1364.0,20.0
CU1811.SHF,20180108,56200.0,56300.0,56010.0,56070.0,55750.0,55910.0,55840.0,-390.0,-460.0,84.0,2345.53,1412.0,48.0
CU1811.SHF,20180109,55910.0,55840.0,55800.0,56130.0,55800.0,56130.0,55960.0,290.0,120.0,40.0,1119.32,1440.0,28.0
CU1811.SHF,20180110,56130.0,55960.0,56380.0,56380.0,55990.0,56010.0,56090.0,50.0,130.0,254.0,7124.29,1626.0,186.0
CU1811.SHF,20180111,56010.0,56090.0,55860.0,56600.0,55860.0,56410.0,56330.0,320.0,240.0,244.0,6873.26,1516.0,-110.0
CU1811.SHF,20180112,56410.0,56330.0,56000.0,56050.0,55550.0,56020.0,55880.0,-310.0,-450.0,242.0,6762.56,1598.0,82.0
CU1811.SHF,20180115,56020.0,55880.0,55760.0,56380.0,55690.0,56250.0,56040.0,370.0,160.0,96.0,2689.92,1622.0,24.0
CU1811.SHF,20180116,56250.0,56040.0,56220.0,56220.0,55400.0,55490.0,55640.0,-550.0,-400.0,142.0,3950.45,1608.0,-14.0
CU1811.SHF,20180117,55490.0,55640.0,55130.0,55230.0,54600.0,54600.0,54910.0,-1040.0,-730.0,202.0,5546.36,1702.0,94.0
CU1811.SHF,20180118,54600.0,54910.0,54890.0,55200.0,54730.0,54930.0,54960.0,20.0,50.0,284.0,7805.09,1596.0,-106.0
CU1811.SHF,20180119,54930.0,54960.0,55060.0,55110.0,54810.0,55090.0,54940.0,130.0,-20.0,44.0,1208.84,1574.0,-22.0
CU1811.SHF,20180122,55090.0,54940.0,54710.0,55100.0,54620.0,55100.0,54870.0,160.0,-70.0,88.0,2414.32,1522.0,-52.0
CU1811.SHF,20180123,55100.0,54870.0,55130.0,55210.0,54770.0,55020.0,55030.0,150.0,160.0,270.0,7430.1,1588.0,66.0
CU1811.SHF,20180124,55020.0,55030.0,54260.0,54350.0,53920.0,54010.0,54050.0,-1020.0,-980.0,244.0,6595.23,1492.0,-96.0
CU1811.SHF,20180125,54010.0,54050.0,54150.0,55720.0,54150.0,55180.0,55320.0,1130.0,1270.0,2646.0,73198.05,2794.0,1302.0
CU1811.SHF,20180126,55180.0,55320.0,55160.0,55200.0,54750.0,54810.0,55000.0,-510.0,-320.0,7734.0,212694.21,6848.0,4054.0
CU1811.SHF,20180129,54810.0,55000.0,54760.0,56950.0,54500.0,55010.0,55060.0,10.0,60.0,11902.0,327669.86,16222.0,9374.0
CU1811.SHF,20180130,55010.0,55060.0,54840.0,54910.0,54200.0,54300.0,54550.0,-760.0,-510.0,1102.0,30059.6,16246.0,24.0
CU1811.SHF,20180131,54300.0,54550.0,54490.0,54700.0,54290.0,54620.0,54500.0,70.0,-50.0,338.0,9211.09,16186.0,-60.0
CU1811.SHF,20180201,54620.0,54500.0,54690.0,54790.0,54380.0,54400.0,54550.0,-100.0,50.0,456.0,12439.63,16208.0,22.0
CU1811.SHF,20180202,54400.0,54550.0,54330.0,55030.0,54260.0,54940.0,54760.0,390.0,210.0,504.0,13800.8,16242.0,34.0
CU1811.SHF,20180205,54940.0,54760.0,54700.0,54700.0,54200.0,54440.0,54390.0,-320.0,-370.0,428.0,11641.18,16306.0,64.0
CU1811.SHF,20180206,54440.0,54390.0,54430.0,55160.0,54030.0,54150.0,54320.0,-240.0,-70.0,918.0,24936.74,16314.0,8.0
CU1811.SHF,20180207,54150.0,54320.0,54280.0,54590.0,53910.0,54080.0,54240.0,-240.0,-80.0,274.0,7431.93,16330.0,16.0
CU1811.SHF,20180208,54080.0,54240.0,53900.0,53980.0,53070.0,53380.0,53390.0,-860.0,-850.0,738.0,19701.44,16402.0,72.0
CU1811.SHF,20180209,53380.0,53390.0,53390.0,53400.0,52680.0,52830.0,53030.0,-560.0,-360.0,470.0,12463.32,16432.0,30.0
CU1811.SHF,20180212,52830.0,53030.0,52400.0,53120.0,52270.0,53050.0,52590.0,20.0,-440.0,902.0,23721.6,16400.0,-32.0
CU1811.SHF,20180213,53050.0,52590.0,52970.0,53700.0,52800.0,53510.0,53490.0,920.0,900.0,6924.0,185216.1,20918.0,4518.0
CU1811.SHF,20180214,53510.0,53490.0,53650.0,54160.0,53640.0,54150.0,53940.0,660.0,450.0,726.0,19581.27,20878.0,-40.0
CU1811.SHF,20180222,54150.0,53940.0,54440.0,54480.0,53940.0,54140.0,54080.0,200.0,140.0,310.0,8382.88,20856.0,-22.0
CU1811.SHF,20180223,54140.0,54080.0,54250.0,55360.0,54250.0,55000.0,55000.0,920.0,920.0,16624.0,457208.47,26090.0,5234.0
CU1811.SHF,20180226,55000.0,55000.0,54810.0,55180.0,54650.0,55040.0,54860.0,40.0,-140.0,1602.0,43945.35,25928.0,-162.0
CU1811.SHF,20180227,55040.0,54860.0,54980.0,55020.0,54580.0,54790.0,54700.0,-70.0,-160.0,548.0,14989.58,25802.0,-126.0
CU1811.SHF,20180228,54790.0,54700.0,54530.0,54530.0,53860.0,53880.0,54060.0,-820.0,-640.0,1072.0,28978.76,25402.0,-400.0
CU1811.SHF,20180301,53880.0,54060.0,53960.0,54010.0,53480.0,53620.0,53730.0,-440.0,-330.0,1352.0,36325.51,25264.0,-138.0
CU1811.SHF,20180302,53620.0,53730.0,53430.0,53820.0,53300.0,53770.0,53590.0,40.0,-140.0,142.0,3804.98,25268.0,4.0
CU1811.SHF,20180305,53770.0,53590.0,53580.0,53680.0,53200.0,53270.0,53450.0,-320.0,-140.0,518.0,13843.79,25182.0,-86.0
CU1811.SHF,20180306,53270.0,53450.0,53100.0,53850.0,53000.0,53780.0,53460.0,330.0,10.0,258.0,6897.4,25212.0,30.0
CU1811.SHF,20180307,53780.0,53460.0,53950.0,54000.0,53560.0,53580.0,53760.0,120.0,300.0,502.0,13495.57,25222.0,10.0
CU1811.SHF,20180308,53580.0,53760.0,53350.0,53570.0,53130.0,53270.0,53350.0,-490.0,-410.0,796.0,21235.53,25256.0,34.0
CU1811.SHF,20180309,53270.0,53350.0,53030.0,53080.0,52300.0,52370.0,52550.0,-980.0,-800.0,266.0,6989.42,25298.0,42.0
CU1811.SHF,20180312,52370.0,52550.0,52660.0,53810.0,52660.0,53160.0,53460.0,610.0,910.0,820.0,21918.86,25452.0,154.0
CU1811.SHF,20180313,53160.0,53460.0,53050.0,53420.0,53020.0,53050.0,53210.0,-410.0,-250.0,424.0,11282.19,25426.0,-26.0
CU1811.SHF,20180314,53050.0,53210.0,53340.0,53720.0,53140.0,53530.0,53410.0,320.0,200.0,1860.0,49672.9,25446.0,20.0
CU1811.SHF,20180315,53530.0,53410.0,53850.0,54200.0,53200.0,53380.0,53720.0,-30.0,310.0,574.0,15418.04,25406.0,-40.0
CU1811.SHF,20180316,53380.0,53720.0,53180.0,53610.0,53030.0,53490.0,53310.0,-230.0,-410.0,800.0,21324.72,25312.0,-94.0
CU1811.SHF,20180319,53490.0,53310.0,53400.0,53400.0,52460.0,52650.0,52670.0,-660.0,-640.0,1460.0,38452.07,25632.0,320.0
CU1811.SHF,20180320,52650.0,52670.0,52650.0,52860.0,52380.0,52670.0,52600.0,0.0,-70.0,928.0,24410.34,25426.0,-206.0
CU1811.SHF,20180321,52670.0,52600.0,52540.0,52550.0,51800.0,51800.0,52150.0,-800.0,-450.0,672.0,17523.99,25478.0,52.0
CU1811.SHF,20180322,51800.0,52150.0,51780.0,52590.0,51580.0,52290.0,52230.0,140.0,80.0,842.0,21991.66,25476.0,-2.0
CU1811.SHF,20180323,52290.0,52230.0,52030.0,52160.0,50850.0,51140.0,51240.0,-1090.0,-990.0,644.0,16502.03,25494.0,18.0
CU1811.SHF,20180326,51140.0,51240.0,51270.0,51280.0,49770.0,49940.0,50200.0,-1300.0,-1040.0,1926.0,48346.44,25650.0,156.0
CU1811.SHF,20180327,49940.0,50200.0,49860.0,50940.0,49860.0,50710.0,50480.0,510.0,280.0,1428.0,36043.87,25698.0,48.0
CU1811.SHF,20180328,50710.0,50480.0,50600.0,50740.0,50270.0,50300.0,50510.0,-180.0,30.0,714.0,18033.2,25730.0,32.0
CU1811.SHF,20180329,50300.0,50510.0,50590.0,51040.0,50240.0,50890.0,50660.0,380.0,150.0,2790.0,70678.26,25898.0,168.0
CU1811.SHF,20180330,50890.0,50660.0,50910.0,51260.0,50850.0,51260.0,51030.0,600.0,370.0,1152.0,29398.56,25938.0,40.0
CU1811.SHF,20180402,51260.0,51030.0,51220.0,51910.0,51200.0,51450.0,51400.0,420.0,370.0,304.0,7813.67,25942.0,4.0
CU1811.SHF,20180403,51450.0,51400.0,51330.0,51670.0,51220.0,51310.0,51370.0,-90.0,-30.0,1950.0,50089.71,26106.0,164.0
CU1811.SHF,20180404,51310.0,51370.0,51420.0,51490.0,51220.0,51250.0,51320.0,-120.0,-50.0,1756.0,45067.58,26336.0,230.0
CU1811.SHF,20180409,51250.0,51320.0,51260.0,51740.0,51050.0,51680.0,51320.0,360.0,0.0,2834.0,72728.26,26582.0,246.0
CU1811.SHF,20180410,51680.0,51320.0,51610.0,52290.0,51410.0,51970.0,51770.0,650.0,450.0,2836.0,73410.18,26664.0,82.0
CU1811.SHF,20180411,51970.0,51770.0,52300.0,52450.0,51800.0,51990.0,52220.0,220.0,450.0,2196.0,57339.71,26644.0,-20.0
CU1811.SHF,20180412,51990.0,52220.0,52040.0,52210.0,51230.0,51520.0,51810.0,-700.0,-410.0,1154.0,29895.78,26586.0,-58.0
CU1811.SHF,20180413,51520.0,51810.0,51180.0,51490.0,51080.0,51430.0,51300.0,-380.0,-510.0,434.0,11133.14,26696.0,110.0
CU1811.SHF,20180416,51430.0,51300.0,51520.0,51520.0,51000.0,51370.0,51310.0,70.0,10.0,152.0,3900.21,26690.0,-6.0
CU1811.SHF,20180417,51370.0,51310.0,51470.0,52690.0,51470.0,51750.0,51760.0,440.0,450.0,418.0,10818.03,26730.0,40.0
CU1811.SHF,20180418,51750.0,51760.0,51560.0,52210.0,51360.0,52030.0,51810.0,270.0,50.0,1256.0,32537.32,26524.0,-206.0
CU1811.SHF,20180419,52030.0,51810.0,52700.0,53320.0,49880.0,52860.0,52800.0,1050.0,990.0,5184.0,136880.98,26784.0,260.0
CU1811.SHF,20180420,52860.0,52800.0,52400.0,52570.0,52110.0,52330.0,52360.0,-470.0,-440.0,886.0,23199.5,26682.0,-102.0
CU1811.SHF,20180423,52330.0,52360.0,52470.0,52980.0,52380.0,52760.0,52660.0,400.0,300.0,356.0,9373.95,26590.0,-92.0
CU1811.SHF,20180424,52760.0,52660.0,52170.0,52740.0,51790.0,52480.0,52370.0,-180.0,-290.0,572.0,14978.4,26546.0,-44.0
CU1811.SHF,20180425,52480.0,52370.0,52720.0,52930.0,52440.0,52450.0,52650.0,80.0,280.0,276.0,7266.59,26508.0,-38.0
CU1811.SHF,20180426,52450.0,52650.0,52690.0,52810.0,52310.0,52480.0,52510.0,-170.0,-140.0,754.0,19798.78,26412.0,-96.0
CU1811.SHF,20180427,52480.0,52510.0,52410.0,52660.0,52400.0,52500.0,52520.0,-10.0,10.0,728.0,19119.59,26642.0,230.0
CU1811.SHF,20180502,52500.0,52520.0,51700.0,52110.0,51700.0,52080.0,51950.0,-440.0,-570.0,1052.0,27327.67,26674.0,32.0
CU1811.SHF,20180503,52080.0,51950.0,52000.0,52010.0,51780.0,51960.0,51890.0,10.0,-60.0,2656.0,68912.67,26748.0,74.0
CU1811.SHF,20180504,51960.0,51890.0,52150.0,52200.0,51730.0,52170.0,52060.0,280.0,170.0,754.0,19629.39,26748.0,0.0
CU1811.SHF,20180507,52170.0,52060.0,52000.0,52130.0,51870.0,52050.0,51980.0,-10.0,-80.0,512.0,13308.47,26828.0,80.0
CU1811.SHF,20180508,52050.0,51980.0,52250.0,52280.0,51980.0,52110.0,52120.0,130.0,140.0,252.0,6567.59,26806.0,-22.0
CU1811.SHF,20180509,52110.0,52120.0,51600.0,51880.0,51210.0,51670.0,51640.0,-450.0,-480.0,966.0,24945.94,26908.0,102.0
CU1811.SHF,20180510,51670.0,51640.0,51790.0,52040.0,51660.0,51840.0,51900.0,200.0,260.0,762.0,19776.48,27260.0,352.0
CU1811.SHF,20180511,51840.0,51900.0,52250.0,52280.0,52070.0,52150.0,52180.0,250.0,280.0,1294.0,33762.95,27390.0,130.0
CU1811.SHF,20180514,52150.0,52180.0,52230.0,52470.0,52210.0,52290.0,52360.0,110.0,180.0,768.0,20108.77,27514.0,124.0
CU1811.SHF,20180515,52290.0,52360.0,52110.0,52160.0,51820.0,51930.0,52020.0,-430.0,-340.0,340.0,8843.47,27518.0,4.0
CU1811.SHF,20180516,51930.0,52020.0,51780.0,51910.0,51460.0,51780.0,51730.0,-240.0,-290.0,1012.0,26177.35,27550.0,32.0
CU1811.SHF,20180517,51780.0,51730.0,51690.0,51950.0,51630.0,51770.0,51850.0,40.0,120.0,712.0,18459.61,27580.0,30.0
CU1811.SHF,20180518,51770.0,51850.0,51870.0,52040.0,51800.0,51990.0,51980.0,140.0,130.0,284.0,7381.24,27526.0,-54.0
CU1811.SHF,20180521,51990.0,51980.0,51850.0,52260.0,51700.0,52160.0,52020.0,180.0,40.0,634.0,16492.69,27534.0,8.0
CU1811.SHF,20180522,52160.0,52020.0,52290.0,52340.0,52150.0,52170.0,52210.0,150.0,190.0,472.0,12322.25,27590.0,56.0
CU1811.SHF,20180523,52170.0,52210.0,52530.0,52940.0,52380.0,52470.0,52660.0,260.0,450.0,1946.0,51242.39,27458.0,-132.0
CU1811.SHF,20180524,52470.0,52660.0,52100.0,52170.0,52000.0,52130.0,52090.0,-530.0,-570.0,458.0,11930.11,27504.0,46.0
CU1811.SHF,20180525,52130.0,52090.0,52230.0,52390.0,52040.0,52200.0,52260.0,110.0,170.0,1630.0,42598.14,27516.0,12.0
CU1811.SHF,20180528,52200.0,52260.0,52160.0,52300.0,52040.0,52300.0,52170.0,40.0,-90.0,742.0,19357.65,27518.0,2.0
CU1811.SHF,20180529,52300.0,52170.0,52060.0,52500.0,52010.0,52420.0,52220.0,250.0,50.0,1040.0,27155.43,27544.0,26.0
CU1811.SHF,20180530,52420.0,52220.0,52390.0,52620.0,51450.0,51450.0,51880.0,-770.0,-340.0,6424.0,166657.78,28542.0,998.0
CU1811.SHF,20180531,51450.0,51880.0,51450.0,52140.0,51450.0,52040.0,51850.0,160.0,-30.0,2214.0,57407.99,28854.0,312.0
CU1811.SHF,20180601,52040.0,51850.0,51890.0,52220.0,51700.0,52100.0,52020.0,250.0,170.0,5010.0,130334.38,25704.0,-3150.0
CU1811.SHF,20180604,52100.0,52020.0,52220.0,53010.0,52150.0,52470.0,52570.0,450.0,550.0,2690.0,70716.86,25588.0,-116.0
CU1811.SHF,20180605,52470.0,52570.0,52670.0,53000.0,52590.0,53000.0,52770.0,430.0,200.0,1502.0,39631.14,25536.0,-52.0
CU1811.SHF,20180606,53000.0,52770.0,53010.0,53930.0,53010.0,53890.0,53500.0,1120.0,730.0,3700.0,98980.94,25308.0,-228.0
CU1811.SHF,20180607,53890.0,53500.0,54070.0,54910.0,54020.0,54710.0,54590.0,1210.0,1090.0,8600.0,234762.12,25064.0,-244.0
CU1811.SHF,20180608,54710.0,54590.0,54960.0,55150.0,54290.0,54350.0,54700.0,-240.0,110.0,5902.0,161423.15,24864.0,-200.0
CU1811.SHF,20180611,54350.0,54700.0,54640.0,55050.0,54580.0,54730.0,54830.0,30.0,130.0,4230.0,115982.58,25132.0,268.0
CU1811.SHF,20180612,54730.0,54830.0,54510.0,54760.0,54330.0,54570.0,54530.0,-260.0,-300.0,3104.0,84637.35,25656.0,524.0
CU1811.SHF,20180613,54570.0,54530.0,54520.0,54550.0,54020.0,54100.0,54250.0,-430.0,-280.0,2062.0,55933.25,25808.0,152.0
CU1811.SHF,20180614,54100.0,54250.0,54250.0,54620.0,54100.0,54210.0,54340.0,-40.0,90.0,2086.0,56676.75,25884.0,76.0
CU1811.SHF,20180615,54210.0,54340.0,54130.0,54270.0,53800.0,54210.0,54050.0,-130.0,-290.0,3890.0,105127.85,26044.0,160.0
CU1811.SHF,20180619,54210.0,54050.0,53210.0,53480.0,52180.0,52260.0,52680.0,-1790.0,-1370.0,11674.0,307533.77,24806.0,-1238.0
CU1811.SHF,20180620,52260.0,52680.0,52110.0,52570.0,52040.0,52490.0,52370.0,-190.0,-310.0,7218.0,189031.36,25718.0,912.0
CU1811.SHF,20180621,52490.0,52370.0,52220.0,52480.0,51990.0,52300.0,52290.0,-70.0,-80.0,4050.0,105894.31,26068.0,350.0
CU1811.SHF,20180622,52300.0,52290.0,52290.0,52390.0,52080.0,52330.0,52240.0,40.0,-50.0,4588.0,119842.09,25814.0,-254.0
CU1811.SHF,20180625,52330.0,52240.0,52250.0,52600.0,52120.0,52170.0,52350.0,-70.0,110.0,5232.0,136958.22,25520.0,-294.0
CU1811.SHF,20180626,52170.0,52350.0,52250.0,52270.0,51800.0,52100.0,52030.0,-250.0,-320.0,4154.0,108066.86,25474.0,-46.0
CU1811.SHF,20180627,52100.0,52030.0,51980.0,52220.0,51940.0,51970.0,52070.0,-60.0,40.0,5226.0,136077.04,26884.0,1410.0
CU1811.SHF,20180628,51970.0,52070.0,51960.0,52540.0,51950.0,52100.0,52240.0,30.0,170.0,6354.0,165974.53,26946.0,62.0
CU1811.SHF,20180629,52100.0,52240.0,51960.0,52260.0,51570.0,52170.0,51910.0,-70.0,-330.0,8814.0,228777.54,28234.0,1288.0
CU1811.SHF,20180702,52170.0,51910.0,51990.0,52010.0,51420.0,51650.0,51770.0,-260.0,-140.0,6876.0,178019.55,29170.0,936.0
CU1811.SHF,20180703,51650.0,51770.0,51790.0,52020.0,51510.0,51910.0,51800.0,140.0,30.0,8006.0,207379.91,31122.0,1952.0
CU1811.SHF,20180704,51910.0,51800.0,51780.0,51840.0,50000.0,50330.0,51050.0,-1470.0,-750.0,22780.0,581489.81,33628.0,2506.0
CU1811.SHF,20180705,50330.0,51050.0,50390.0,50490.0,49460.0,49550.0,49920.0,-1500.0,-1130.0,47338.0,1181652.28,28898.0,-4730.0
CU1811.SHF,20180706,49550.0,49920.0,49710.0,49960.0,48850.0,49340.0,49460.0,-580.0,-460.0,24664.0,609988.78,29216.0,318.0
CU1811.SHF,20180709,49340.0,49460.0,49300.0,50290.0,49030.0,50220.0,49790.0,760.0,330.0,14578.0,362978.19,30656.0,1440.0
CU1811.SHF,20180710,50220.0,49790.0,50100.0,50190.0,49800.0,50000.0,50020.0,210.0,230.0,10148.0,253805.65,31822.0,1166.0
CU1811.SHF,20180711,50000.0,50020.0,49790.0,49950.0,47700.0,48270.0,48480.0,-1750.0,-1540.0,36632.0,888045.05,35134.0,3312.0
CU1811.SHF,20180712,48270.0,48480.0,48380.0,49330.0,47910.0,49190.0,48600.0,710.0,120.0,27618.0,671152.39,35452.0,318.0
CU1811.SHF,20180713,49190.0,48600.0,49010.0,49170.0,48760.0,48940.0,48970.0,340.0,370.0,15878.0,388826.34,34492.0,-960.0
CU1811.SHF,20180716,48940.0,48970.0,48940.0,49490.0,48910.0,48960.0,49200.0,-10.0,230.0,17402.0,428167.71,37484.0,2992.0
CU1811.SHF,20180717,48960.0,49200.0,48920.0,49340.0,48710.0,49010.0,49030.0,-190.0,-170.0,12634.0,309765.32,37856.0,372.0
CU1811.SHF,20180718,49010.0,49030.0,48930.0,48980.0,48300.0,48450.0,48650.0,-580.0,-380.0,12830.0,312122.25,38118.0,262.0
CU1811.SHF,20180719,48450.0,48650.0,48470.0,49290.0,48350.0,48820.0,48870.0,170.0,220.0,15652.0,382509.01,38732.0,614.0
CU1811.SHF,20180720,48820.0,48870.0,48510.0,48830.0,48180.0,48750.0,48480.0,-120.0,-390.0,20966.0,508305.23,40200.0,1468.0
CU1811.SHF,20180723,48750.0,48480.0,48790.0,49240.0,48690.0,49130.0,48900.0,650.0,420.0,31186.0,762580.08,41936.0,1736.0
CU1811.SHF,20180724,49130.0,48900.0,49290.0,49580.0,49050.0,49410.0,49320.0,510.0,420.0,16920.0,417287.62,42614.0,678.0
CU1811.SHF,20180725,49410.0,49320.0,49800.0,50400.0,49760.0,50050.0,50160.0,730.0,840.0,28668.0,719024.15,44844.0,2230.0
CU1811.SHF,20180726,50050.0,50160.0,50060.0,50400.0,49910.0,50260.0,50190.0,100.0,30.0,16372.0,410884.54,46046.0,1202.0
CU1811.SHF,20180727,50260.0,50190.0,50130.0,50420.0,50010.0,50240.0,50240.0,50.0,50.0,14788.0,371494.5,48390.0,2344.0
CU1811.SHF,20180730,50240.0,50240.0,50260.0,50540.0,49490.0,49510.0,50020.0,-730.0,-220.0,28168.0,704508.83,52444.0,4054.0
CU1811.SHF,20180731,49510.0,50020.0,49860.0,50170.0,49710.0,49980.0,49950.0,-40.0,-70.0,18736.0,467977.97,53348.0,904.0
CU1811.SHF,20180801,49980.0,49950.0,49990.0,50380.0,49760.0,50020.0,50100.0,70.0,150.0,25840.0,647415.29,55582.0,2234.0
CU1811.SHF,20180802,50020.0,50100.0,49540.0,49690.0,48910.0,49490.0,49360.0,-610.0,-740.0,37108.0,915920.64,63038.0,7456.0
CU1811.SHF,20180803,49490.0,49360.0,49480.0,49520.0,49220.0,49330.0,49350.0,-30.0,-10.0,25930.0,639920.87,68002.0,4964.0
CU1811.SHF,20180806,49330.0,49350.0,49540.0,49880.0,49150.0,49420.0,49440.0,70.0,90.0,43094.0,1065346.47,69238.0,1236.0
CU1811.SHF,20180807,49420.0,49440.0,49200.0,49700.0,49020.0,49600.0,49430.0,160.0,-10.0,36348.0,898432.23,72550.0,3312.0
CU1811.SHF,20180808,49600.0,49430.0,49530.0,49800.0,49490.0,49540.0,49630.0,110.0,200.0,27436.0,680905.0,77486.0,4936.0
CU1811.SHF,20180809,49540.0,49630.0,49440.0,50110.0,49400.0,49990.0,49770.0,360.0,140.0,41800.0,1040206.79,81908.0,4422.0
CU1811.SHF,20180810,49990.0,49770.0,50080.0,50190.0,49480.0,49610.0,49810.0,-160.0,40.0,43084.0,1073149.93,86972.0,5064.0
CU1811.SHF,20180813,49610.0,49810.0,49680.0,49880.0,49550.0,49770.0,49690.0,-40.0,-120.0,36852.0,915679.31,89316.0,2344.0
CU1811.SHF,20180814,49770.0,49690.0,49810.0,50020.0,49410.0,49570.0,49700.0,-120.0,10.0,45286.0,1125411.39,92266.0,2950.0
CU1811.SHF,20180815,49570.0,49700.0,49550.0,49590.0,48260.0,48590.0,48820.0,-1110.0,-880.0,68544.0,1673475.23,98182.0,5916.0
CU1811.SHF,20180816,48590.0,48820.0,48310.0,48380.0,47240.0,47600.0,47750.0,-1220.0,-1070.0,107112.0,2557305.16,109728.0,11546.0
CU1811.SHF,20180817,47600.0,47750.0,47690.0,48180.0,47500.0,47660.0,47850.0,-90.0,100.0,81294.0,1945180.3,116566.0,6838.0
CU1811.SHF,20180820,47660.0,47850.0,47720.0,48340.0,47720.0,48220.0,48050.0,370.0,200.0,69248.0,1664003.72,119754.0,3188.0
CU1811.SHF,20180821,48220.0,48050.0,48230.0,48710.0,48210.0,48680.0,48430.0,630.0,380.0,66518.0,1610829.76,123212.0,3458.0
CU1811.SHF,20180822,48680.0,48430.0,48700.0,48900.0,48130.0,48270.0,48560.0,-160.0,130.0,59210.0,1437699.14,128186.0,4974.0
CU1811.SHF,20180823,48270.0,48560.0,48410.0,48530.0,47980.0,48000.0,48250.0,-560.0,-310.0,66834.0,1612494.87,132462.0,4276.0
CU1811.SHF,20180824,48000.0,48250.0,48130.0,48760.0,48070.0,48540.0,48460.0,290.0,210.0,67076.0,1625499.87,136708.0,4246.0
CU1811.SHF,20180827,48540.0,48460.0,48590.0,48890.0,48570.0,48810.0,48770.0,350.0,310.0,59268.0,1445412.97,137226.0,518.0
CU1811.SHF,20180828,48810.0,48770.0,48830.0,48950.0,48410.0,48650.0,48600.0,-120.0,-170.0,73992.0,1798010.12,140008.0,2782.0
CU1811.SHF,20180829,48650.0,48600.0,48820.0,49100.0,48740.0,48810.0,48930.0,210.0,330.0,71154.0,1740829.99,144472.0,4464.0
CU1811.SHF,20180830,48810.0,48930.0,48870.0,48910.0,48560.0,48760.0,48720.0,-170.0,-210.0,59292.0,1444459.88,148684.0,4212.0
CU1811.SHF,20180831,48760.0,48720.0,48720.0,48850.0,48310.0,48580.0,48570.0,-140.0,-150.0,105592.0,2564459.98,155852.0,7168.0
CU1811.SHF,20180903,48580.0,48570.0,48550.0,48610.0,47850.0,48150.0,48160.0,-420.0,-410.0,143512.0,3455925.33,169328.0,13476.0
CU1811.SHF,20180904,48150.0,48160.0,48140.0,48180.0,47630.0,47680.0,47910.0,-480.0,-250.0,102332.0,2451718.46,179526.0,10198.0
CU1811.SHF,20180905,47680.0,47910.0,47380.0,47430.0,46940.0,47410.0,47190.0,-500.0,-720.0,162966.0,3845981.04,192980.0,13454.0
CU1811.SHF,20180906,47410.0,47190.0,47370.0,47690.0,47320.0,47490.0,47500.0,300.0,310.0,119670.0,2842731.75,194348.0,1368.0
CU1811.SHF,20180907,47490.0,47500.0,47720.0,47960.0,47400.0,47560.0,47680.0,60.0,180.0,139198.0,3318530.07,198092.0,3744.0
CU1811.SHF,20180910,47560.0,47680.0,47700.0,47900.0,47430.0,47460.0,47660.0,-220.0,-20.0,178970.0,4265293.0,199828.0,1736.0
CU1811.SHF,20180911,47460.0,47660.0,47660.0,47940.0,47570.0,47910.0,47750.0,250.0,90.0,163546.0,3904737.38,199998.0,170.0
CU1811.SHF,20180912,47910.0,47750.0,47310.0,47870.0,47200.0,47730.0,47560.0,-20.0,-190.0,214224.0,5095122.92,204256.0,4258.0
CU1811.SHF,20180913,47730.0,47560.0,47810.0,48660.0,47680.0,48620.0,48240.0,1060.0,680.0,280520.0,6766796.5,197002.0,-7254.0
CU1811.SHF,20180914,48620.0,48240.0,48660.0,48830.0,48420.0,48420.0,48600.0,180.0,360.0,201026.0,4885736.4,189986.0,-7016.0
CU1811.SHF,20180917,48420.0,48600.0,48360.0,48530.0,47820.0,47930.0,48140.0,-670.0,-460.0,222616.0,5359462.97,193732.0,3746.0
CU1811.SHF,20180918,47930.0,48140.0,48010.0,48790.0,47980.0,48680.0,48400.0,540.0,260.0,276876.0,6700585.07,207594.0,13862.0
CU1811.SHF,20180919,48680.0,48400.0,49290.0,49730.0,49210.0,49640.0,49480.0,1240.0,1080.0,301162.0,7451763.51,199090.0,-8504.0
CU1811.SHF,20180920,49640.0,49480.0,49500.0,49600.0,49230.0,49340.0,49440.0,-140.0,-40.0,189550.0,4686120.72,199366.0,276.0
CU1811.SHF,20180921,49340.0,49440.0,49330.0,50020.0,49110.0,49740.0,49600.0,300.0,160.0,254236.0,6305564.28,205456.0,6090.0
CU1811.SHF,20180925,49740.0,49600.0,50400.0,50460.0,50010.0,50360.0,50180.0,760.0,580.0,165238.0,4146227.27,201426.0,-4030.0
CU1811.SHF,20180926,50360.0,50180.0,50710.0,50820.0,50390.0,50530.0,50580.0,350.0,400.0,234234.0,5924143.06,196772.0,-4654.0
CU1811.SHF,20180927,50530.0,50580.0,50580.0,50680.0,50070.0,50130.0,50390.0,-450.0,-190.0,189856.0,4783457.98,182654.0,-14118.0
CU1811.SHF,20180928,50130.0,50390.0,50040.0,50240.0,49710.0,50170.0,49970.0,-220.0,-420.0,196936.0,4921177.88,170146.0,-12508.0
CU1811.SHF,20181008,50170.0,49970.0,50120.0,50250.0,49820.0,50010.0,50020.0,40.0,50.0,87740.0,2194571.54,172576.0,2430.0
CU1811.SHF,20181009,50010.0,50020.0,50050.0,50500.0,50010.0,50500.0,50300.0,480.0,280.0,166260.0,4182051.68,175162.0,2586.0
CU1811.SHF,20181010,50500.0,50300.0,50270.0,51140.0,50160.0,50770.0,50700.0,470.0,400.0,212766.0,5394221.58,180836.0,5674.0
CU1811.SHF,20181011,50770.0,50700.0,50730.0,50930.0,49760.0,49980.0,50210.0,-720.0,-490.0,226062.0,5676304.49,175978.0,-4858.0
CU1811.SHF,20181012,49980.0,50210.0,50230.0,50850.0,50080.0,50800.0,50490.0,590.0,280.0,196994.0,4973168.58,182814.0,6836.0
CU1811.SHF,20181015,50800.0,50490.0,50740.0,51090.0,50450.0,50570.0,50780.0,80.0,290.0,152142.0,3863561.1,178316.0,-4498.0
CU1811.SHF,20181016,50570.0,50780.0,50780.0,50960.0,50130.0,50190.0,50510.0,-590.0,-270.0,149838.0,3784650.23,168606.0,-9710.0
CU1811.SHF,20181017,50190.0,50510.0,50330.0,50380.0,50030.0,50290.0,50230.0,-220.0,-280.0,111464.0,2799654.18,160952.0,-7654.0
CU1811.SHF,20181018,50290.0,50230.0,50380.0,50560.0,50000.0,50130.0,50280.0,-100.0,50.0,120742.0,3035613.4,147102.0,-13850.0
CU1811.SHF,20181019,50130.0,50280.0,50000.0,50310.0,49850.0,50270.0,50080.0,-10.0,-200.0,109650.0,2745775.65,140034.0,-7068.0
CU1811.SHF,20181022,50270.0,50080.0,50480.0,50610.0,50250.0,50540.0,50450.0,460.0,370.0,90744.0,2289330.09,131412.0,-8622.0
CU1811.SHF,20181023,50540.0,50450.0,50710.0,50780.0,50040.0,50100.0,50330.0,-350.0,-120.0,82700.0,2081209.96,116458.0,-14954.0
CU1811.SHF,20181024,50100.0,50330.0,49920.0,50290.0,49850.0,50270.0,50090.0,-60.0,-240.0,94348.0,2363108.67,95734.0,-20724.0
CU1811.SHF,20181025,50270.0,50090.0,50070.0,50170.0,49350.0,49750.0,49680.0,-340.0,-410.0,91260.0,2266903.68,84580.0,-11154.0
CU1811.SHF,20181026,49750.0,49680.0,49960.0,50300.0,49670.0,49680.0,49930.0,0.0,250.0,49496.0,1235819.76,80648.0,-3932.0
CU1811.SHF,20181029,49680.0,49930.0,49680.0,50100.0,49560.0,49700.0,49830.0,-230.0,-100.0,53786.0,1340288.82,73114.0,-7534.0
CU1811.SHF,20181030,49700.0,49830.0,50020.0,50050.0,49530.0,49650.0,49680.0,-180.0,-150.0,55614.0,1381482.82,64048.0,-9066.0
CU1811.SHF,20181031,49650.0,49680.0,49480.0,49480.0,48900.0,49100.0,49120.0,-580.0,-560.0,57280.0,1406889.52,56170.0,-7878.0
CU1811.SHF,20181101,49100.0,49120.0,49050.0,49170.0,48510.0,48680.0,48720.0,-440.0,-400.0,34450.0,839294.6,54440.0,-1730.0
CU1811.SHF,20181102,48680.0,48720.0,48780.0,49930.0,48750.0,49820.0,49340.0,1100.0,620.0,33220.0,819667.0,50030.0,-4410.0
CU1811.SHF,20181105,49820.0,49340.0,49820.0,50290.0,49720.0,49780.0,49890.0,440.0,550.0,30430.0,759128.5,46570.0,-3460.0
CU1811.SHF,20181106,49780.0,49890.0,49800.0,49860.0,49500.0,49670.0,49630.0,-220.0,-260.0,21920.0,543949.9,42890.0,-3680.0
CU1811.SHF,20181107,49670.0,49630.0,49640.0,49850.0,49260.0,49470.0,49460.0,-160.0,-170.0,26850.0,664040.1,38330.0,-4560.0
CU1811.SHF,20181108,49470.0,49460.0,49600.0,49680.0,49350.0,49440.0,49500.0,-20.0,40.0,22290.0,551708.0,34800.0,-3530.0
CU1811.SHF,20181109,49440.0,49500.0,49340.0,49530.0,49120.0,49270.0,49340.0,-230.0,-160.0,22530.0,555910.15,30100.0,-4700.0
CU1811.SHF,20181112,49270.0,49340.0,49130.0,49200.0,48860.0,48900.0,49030.0,-440.0,-310.0,27710.0,679447.85,22940.0,-7160.0
CU1811.SHF,20181113,48900.0,49030.0,48910.0,49040.0,48700.0,49030.0,48830.0,0.0,-200.0,17270.0,421721.7,16110.0,-6830.0
